Row Labels,Cat 0,Cat 1,Cat 2,Cat 3,Cat 4,Cat 5,Cat 6,Cat 7,Cat 8,Cat 9
1,9,5,4,1,1,6,0,2,3,7
2,9,4,1,6,0,0,2,5,7,3
3,6,5,4,9,2,8,1,0,7,3
4,9,1,0,8,4,6,5,2,3,7
5,6,4,5,2,9,0,8,1,7,3
6,4,9,0,2,1,6,8,5,3,7
7,2,0,1,6,9,4,8,5,3,7
8,1,9,8,0,6,4,5,2,3,7
9,9,1,4,8,3,6,0,5,2,7
10,1,0,2,5,9,3,6,8,4,7
11,1,9,2,7,0,4,8,6,3,3
12,1,9,4,2,8,6,0,5,7,3
13,1,9,2,8,6,4,0,5,7,3
14,1,2,9,0,8,7,6,4,5,3
15,1,9,2,8,6,0,4,5,7,3
16,1,9,2,8,6,0,5,4,3,7
17,1,2,9,8,6,7,5,4,0,3
18,1,9,2,0,6,4,8,3,5,7
19,1,9,2,0,6,8,5,3,4,7
20,1,2,9,8,0,4,6,5,7,3
21,9,1,2,4,0,8,6,5,3,3
22,2,7,1,6,9,3,5,4,8,0
23,2,9,6,4,7,5,3,1,8,0
24,2,1,9,5,6,3,8,0,0,4
25,9,1,4,8,2,6,0,3,5,7
26,9,1,4,8,6,0,2,3,5,7
27,1,9,2,0,8,4,6,3,7,5
28,1,9,4,8,2,0,6,5,3,7
29,9,1,4,6,0,8,2,3,7,5
30,9,4,0,1,8,6,2,5,3,7
31,9,1,4,6,8,0,2,3,5,7
32,4,9,1,0,8,6,2,3,5,7
33,9,1,4,0,8,2,6,3,5,7
34,9,6,4,2,0,1,8,5,3,7
35,0,2,5,4,1,9,6,3,8,7
36,9,1,6,3,8,0,4,2,5,7
37,9,1,8,3,6,4,0,2,5,7
38,1,9,8,6,0,4,3,5,2,7
39,1,2,9,0,4,7,8,6,3,5
40,9,1,0,4,8,6,2,5,3,7
41,9,1,4,0,8,2,6,5,3,3
42,1,2,0,9,8,6,4,7,5,3
43,1,2,9,0,8,6,4,5,3,7
44,9,1,4,8,6,2,0,5,3,7
45,1,9,2,0,8,6,4,5,7,3
46,1,9,0,8,2,6,4,3,5,7
47,9,1,4,8,0,2,6,5,3,7
48,9,4,1,8,6,0,2,5,3,7
49,0,1,1,8,6,4,5,2,3,7
50,1,9,0,2,6,4,8,5,3,7
51,9,1,0,4,8,6,2,5,3,7
52,9,4,6,8,1,3,5,7,0,2
53,1,9,2,8,0,6,4,5,7,3
54,1,9,2,8,6,0,0,4,5,7
55,1,9,2,8,0,6,4,3,5,7
56,4,9,1,6,8,2,5,0,3,7
57,1,9,0,2,2,6,4,3,5,7
58,1,9,8,6,2,4,0,3,5,7
59,1,9,2,8,0,4,6,5,3,7
60,4,9,1,6,8,2,0,5,7,3
61,1,9,4,2,0,8,6,3,5,7
62,9,1,4,8,0,6,2,5,3,7
63,1,9,4,8,0,2,2,3,5,7
64,1,9,4,2,0,8,6,5,7,3
65,9,4,1,8,6,5,0,2,3,7
66,9,1,0,0,2,6,8,5,7,3
67,1,9,2,0,4,8,5,3,3,7
68,9,1,0,2,2,6,8,3,5,7
69,1,9,2,0,8,3,4,6,5,7
70,1,9,3,2,0,8,4,6,5,7
71,1,9,2,4,7,8,0,6,5,3
72,1,2,9,7,4,0,3,6,8,5
73,9,1,4,2,8,6,5,0,7,3
74,5,9,6,2,1,8,3,4,0,7
75,1,9,4,2,8,6,5,0,3,3
76,1,2,9,7,6,8,0,4,3,5
77,1,9,8,0,4,3,3,2,5,7
78,1,2,9,8,7,0,4,6,3,5
79,2,7,1,3,9,8,6,5,0,4
80,1,2,9,7,4,8,0,6,5,3
81,1,2,9,3,6,0,8,5,7,4
82,1,9,2,0,4,5,7,8,6,3
83,1,9,2,0,8,6,7,4,5,3
84,1,9,2,6,8,5,3,4,7,0
85,1,9,6,0,8,2,4,5,3,7
86,1,2,9,0,8,5,6,4,3,3
87,1,9,2,0,8,5,5,7,4,3
88,9,1,6,8,2,4,5,0,3,7
89,9,1,4,6,8,5,0,2,3,7
90,9,1,4,2,5,6,0,8,7,3
91,9,8,1,6,4,0,3,2,2,7
92,1,9,2,8,6,0,5,4,7,3
93,1,9,8,2,0,6,4,3,5,7
94,9,1,6,4,8,2,5,0,3,7
95,1,9,4,2,8,6,7,0,5,3
96,1,2,9,8,6,0,4,5,3,7
97,9,4,6,8,1,2,5,0,7,3
98,1,9,2,8,6,4,0,5,3,7
99,2,1,9,6,7,8,0,5,4,3
100,1,9,2,0,6,5,8,4,7,3
101,6,1,9,2,5,8,4,0,0,7
102,6,5,1,9,0,8,3,4,2,7
103,1,0,6,3,8,9,2,5,4,7
104,4,9,1,0,6,8,2,3,5,7
105,1,9,0,2,6,8,5,4,3,7
106,6,8,1,9,5,0,4,2,3,7
107,1,9,0,8,6,2,3,4,5,7
108,4,6,9,2,5,0,8,1,3,7
109,9,1,4,8,0,6,2,5,3,7
110,9,1,6,2,8,5,4,0,3,7
111,9,6,1,8,4,3,2,5,0,7
112,4,2,7,1,9,6,8,0,3,5
113,9,1,2,4,5,0,6,8,7,3
114,9,1,4,8,2,6,5,0,3,7
115,1,9,2,4,6,6,0,5,3,7
116,9,4,1,6,8,5,2,0,3,7
117,9,1,6,8,4,2,3,0,5,7
118,4,9,1,2,7,3,0,6,6,5
119,1,9,0,8,4,6,5,3,2,7
120,9,1,4,6,0,8,2,5,3,7
121,1,9,2,6,4,8,0,3,7,5
122,9,1,4,0,8,5,6,2,3,7
123,1,9,3,8,0,4,6,5,2,7
124,9,4,0,1,6,8,2,3,5,7
125,9,1,4,0,6,3,8,2,5,7
126,1,2,9,8,0,6,3,4,5,7
127,9,4,1,3,2,7,6,8,0,5
128,9,2,1,5,6,4,0,7,8,3
129,1,9,2,0,4,6,7,8,5,3
130,9,4,2,1,0,6,8,5,7,3
131,9,4,1,0,2,8,6,5,3,7
132,1,9,2,4,0,8,6,5,7,3
133,9,4,1,2,0,5,6,8,7,3
134,9,1,2,4,8,6,0,5,7,3
135,1,9,2,0,4,6,8,5,7,3
136,1,9,2,0,4,6,5,8,7,3
137,1,9,2,6,8,0,4,3,5,7
138,2,1,6,9,8,3,0,7,5,4
139,1,2,9,0,8,5,6,4,7,3
140,2,1,5,9,6,0,7,8,4,3
141,2,1,9,5,6,7,8,0,4,3
142,1,2,9,0,0,7,6,4,8,3
143,2,1,9,7,5,6,0,8,4,3
144,2,1,5,9,6,0,7,7,3,4
145,9,2,1,0,4,5,6,8,7,3
146,1,9,0,2,5,6,8,4,3,7
147,2,9,1,6,5,4,8,7,0,3
148,5,2,6,9,8,1,4,0,3,7
149,2,6,0,5,9,1,8,4,3,7
150,6,5,9,2,8,4,0,1,7,3
151,5,2,6,1,0,8,9,3,4,7
152,1,9,0,2,4,8,6,5,3,7
153,0,9,1,2,3,3,8,4,6,5
154,9,1,2,0,8,5,4,6,7,3
155,1,9,0,2,3,8,6,5,4,7
156,9,0,1,2,8,4,6,3,3,7
157,9,1,0,2,8,4,6,5,3,7
158,0,9,1,2,8,3,3,6,7,5
159,0,1,9,2,4,8,3,6,7,5
160,1,0,9,2,8,5,6,3,4,7
161,1,9,0,5,6,2,3,8,4,7
162,9,1,0,8,4,6,5,2,3,7
163,9,1,0,8,4,2,6,5,3,7
164,1,9,0,8,6,3,5,2,4,7
165,1,0,9,6,8,2,4,5,3,7
166,0,6,3,8,1,4,9,5,2,7
167,9,1,0,2,4,4,6,5,3,7
168,1,9,0,8,2,3,6,4,7,5
169,1,0,9,8,2,6,3,5,4,7
170,9,1,0,2,8,5,4,6,3,7
171,1,0,9,8,5,2,6,3,4,7
172,1,9,0,4,8,6,2,5,3,7
173,9,1,0,2,8,4,5,6,3,7
174,1,9,0,2,8,5,4,6,7,3
175,1,0,9,2,8,6,3,5,4,7
176,1,9,2,0,8,3,6,5,7,4
177,1,9,0,2,8,5,6,4,3,7
178,1,5,9,0,8,6,2,3,4,7
179,1,9,5,0,2,6,8,4,3,7
180,1,3,0,6,9,8,2,5,4,7
181,9,1,0,8,6,4,2,5,3,7
182,1,9,2,0,8,5,4,6,7,3
183,1,9,0,8,2,6,3,5,4,7
184,3,6,1,8,0,5,9,2,4,7
185,1,0,9,2,6,6,4,5,3,7
186,9,1,0,2,8,3,6,5,7,4
187,1,9,0,8,2,6,4,5,3,7
188,1,9,0,8,3,6,2,4,4,7
189,1,9,0,2,8,5,4,7,3,3
190,9,1,0,8,2,2,4,6,3,7
191,9,1,2,0,7,8,4,5,6,3
192,9,1,0,8,6,5,2,3,4,7
193,1,9,0,6,8,2,5,3,4,7
194,1,0,9,8,6,3,2,5,4,7
195,1,9,2,0,8,5,3,6,4,7
196,9,1,0,4,6,8,2,2,5,7
197,9,0,1,8,4,6,3,2,5,7
198,3,6,0,8,5,1,2,9,4,7
199,1,0,9,8,3,2,6,5,4,7
200,3,6,8,0,5,1,9,4,2,7
201,1,9,6,0,8,2,5,3,4,7
202,0,9,6,1,8,3,5,4,2,7
203,9,1,0,2,8,5,5,4,3,7
204,9,1,4,0,5,5,2,8,7,3
205,9,1,0,4,4,2,6,5,3,7
206,3,6,8,0,1,5,2,9,4,7
207,3,6,8,0,1,5,2,9,7,4
208,1,9,2,0,5,8,6,4,3,7
209,1,9,0,6,3,8,5,2,4,7
210,1,9,0,5,5,6,2,4,3,7
211,1,0,9,2,3,6,8,5,7,4
212,1,9,0,8,2,5,6,4,3,7
213,9,1,0,8,2,5,6,4,3,7
214,1,9,6,8,0,3,5,4,2,7
215,3,6,8,1,0,5,4,9,2,7
216,9,1,0,2,8,4,6,5,3,7
217,9,1,2,0,8,6,5,4,7,3
218,9,0,1,4,4,8,2,3,3,7
219,9,1,0,2,8,6,4,5,3,7
220,1,9,0,8,6,2,3,5,4,7
221,3,9,1,6,0,8,5,4,2,7
222,3,6,8,1,0,5,9,4,2,7
223,9,1,2,0,8,5,6,4,7,3
224,0,3,6,8,5,4,1,9,2,7
225,3,6,8,0,5,1,4,2,9,7
226,1,0,9,2,8,6,3,5,4,7
227,1,0,3,6,6,8,5,2,4,7
228,1,3,0,6,8,2,5,9,4,7
229,9,1,2,0,5,8,6,7,3,3
230,9,1,8,0,6,2,5,4,3,7
231,0,9,1,4,6,8,2,5,3,7
232,9,1,0,6,8,2,3,4,5,7
233,1,9,0,6,8,2,4,3,5,7
234,3,6,0,8,1,5,2,9,4,7
235,0,6,3,8,1,9,4,5,2,7
236,1,0,9,8,3,6,2,5,7,4
237,6,0,8,1,3,9,5,4,2,7
238,0,1,9,6,8,4,3,2,5,7
239,0,6,9,1,8,4,5,2,2,7
240,0,6,9,4,8,1,3,3,2,7
241,0,6,1,9,8,3,4,5,2,7
242,0,9,1,6,8,3,4,5,2,7
243,9,1,0,4,6,2,2,3,5,7
244,1,9,8,0,3,3,2,5,4,7
245,3,6,0,8,1,4,9,5,2,7
246,9,1,0,6,8,3,2,4,5,7
247,1,0,9,8,5,2,6,3,4,7
248,0,9,1,2,8,6,3,4,7,5
249,9,1,0,2,8,4,5,5,7,3
250,9,1,0,8,2,5,4,6,3,7
251,9,1,0,2,4,5,8,6,3,7
252,9,1,8,0,2,5,4,6,7,3
253,3,6,8,0,4,9,1,5,2,7
254,1,9,0,2,4,8,6,5,3,7
255,9,0,1,2,6,8,3,4,5,7
256,9,0,1,8,6,3,2,5,4,7
257,3,6,8,5,0,1,4,9,2,7
258,9,1,2,0,8,5,4,6,7,3
259,9,1,2,0,5,8,4,6,7,3
260,9,1,0,2,8,6,4,4,3,7
261,1,9,0,3,8,2,6,5,4,7
262,1,0,9,8,2,3,6,5,4,7
263,3,1,0,6,8,9,4,2,5,7
264,9,1,0,2,8,4,6,5,3,7
265,1,9,0,8,6,4,2,5,3,7
266,9,1,0,0,2,6,3,4,5,7
267,9,1,6,0,8,3,2,4,5,7
268,1,1,0,8,6,2,5,3,4,7
269,1,0,3,8,9,2,5,6,7,4
270,9,1,0,2,4,8,6,3,5,7
271,9,1,2,0,4,7,8,6,5,3
272,9,1,0,4,2,8,6,3,5,7
273,1,9,0,2,4,5,5,6,8,3
274,9,1,0,2,8,4,6,5,7,3
275,9,1,0,2,4,8,6,3,5,7
276,1,9,0,2,6,8,3,4,5,7
277,1,2,9,0,5,8,6,4,3,7
278,9,1,0,0,2,8,6,7,3,5
279,1,9,0,4,2,8,6,5,3,7
280,9,2,1,7,0,4,8,5,6,3
281,1,9,0,2,4,8,6,3,3,7
282,9,1,0,6,6,3,2,4,5,7
283,1,2,9,3,7,0,8,6,4,5
284,9,1,0,2,8,4,3,6,5,7
285,9,0,1,8,2,6,4,3,5,7
286,9,1,0,4,8,6,5,2,3,7
287,9,1,0,8,2,4,6,5,3,7
288,9,1,0,4,8,2,6,5,3,7
289,9,1,4,8,6,0,5,2,3,7
290,9,1,0,2,8,6,4,5,3,7
291,9,1,4,8,0,6,3,5,2,7
292,1,9,0,4,2,8,6,5,3,7
293,6,4,0,5,9,2,2,1,3,7
294,1,9,0,2,8,4,5,6,3,7
295,9,1,6,8,0,2,3,5,4,7
296,0,6,1,3,8,9,4,2,5,7
297,2,9,1,0,7,6,5,8,4,3
298,6,8,0,3,1,4,9,2,5,7
299,1,9,0,2,8,6,4,3,5,7
300,1,9,0,2,4,8,6,5,3,7
301,9,1,0,8,4,6,2,5,3,7
302,1,9,2,8,6,4,0,5,7,3
303,3,1,7,2,6,8,9,0,5,4
304,1,2,7,9,8,0,4,6,3,5
305,1,9,8,6,4,2,5,0,3,7
306,1,2,3,8,6,9,0,5,5,4
307,3,1,2,8,0,6,7,9,5,4
308,1,9,4,2,8,7,0,0,6,5
309,1,9,2,8,0,4,6,3,7,5
310,2,1,9,7,8,0,0,4,5,3
311,1,9,2,8,6,7,4,0,5,3
312,9,1,4,2,0,8,6,5,7,3
313,1,9,2,4,0,7,8,6,5,3
314,1,9,4,2,8,0,6,5,7,3
315,1,2,7,9,0,3,4,8,6,5
316,9,4,1,2,0,8,5,6,7,3
317,1,9,2,8,0,6,3,4,5,7
318,9,1,4,2,8,0,7,6,5,3
319,4,9,1,2,7,0,8,6,5,3
320,1,9,4,2,8,0,6,7,3,5
321,9,1,4,0,8,2,6,5,7,3
322,9,1,8,6,0,4,3,2,5,7
323,9,1,8,4,0,6,3,2,5,7
324,9,1,8,6,4,2,0,3,5,7
325,9,1,4,8,0,0,6,5,3,7
326,9,1,4,8,0,0,6,3,5,7
327,9,4,1,0,2,8,6,3,5,7
328,9,1,2,4,6,8,0,5,7,3
329,9,6,1,3,4,8,0,2,5,7
330,1,9,2,6,0,8,4,3,5,7
331,1,9,0,2,8,4,6,3,3,7
332,1,9,2,0,4,8,5,5,3,7
333,9,1,0,2,8,5,6,4,3,7
334,1,0,2,9,8,4,5,3,6,7
335,1,6,9,8,0,3,4,2,5,7
336,1,1,8,6,2,0,3,5,4,7
337,1,0,2,9,8,6,5,3,4,7
338,1,9,6,2,3,3,8,0,5,7
339,9,0,1,8,6,2,3,4,5,7
340,1,0,3,5,6,8,2,9,4,7
341,1,9,0,2,5,8,6,4,3,7
342,9,1,0,8,6,5,2,4,3,7
343,0,1,9,6,8,3,2,4,5,7
344,1,0,2,9,8,6,5,3,4,7
345,1,0,9,8,6,2,5,4,3,7
346,5,1,0,9,6,8,3,2,4,7
347,1,5,0,6,2,8,3,3,4,7
348,3,0,1,5,6,2,8,9,7,4
349,1,9,5,8,6,0,2,3,4,7
350,1,0,9,2,5,8,6,3,4,7
351,1,2,9,5,0,6,8,3,4,7
352,1,2,5,0,9,6,3,8,7,4
353,1,9,0,2,5,4,8,6,3,7
354,1,9,2,0,5,4,8,6,3,3
355,5,1,2,0,9,6,3,8,7,4
356,1,9,0,5,8,6,2,4,3,7
357,9,1,0,4,8,2,6,5,3,7
358,1,6,6,8,3,2,0,4,5,7
359,9,1,4,0,6,8,2,3,5,7
360,9,1,0,4,2,8,6,3,5,7
361,9,1,6,8,2,4,5,0,3,7
362,4,9,1,0,6,8,3,2,5,7
363,9,4,1,0,6,8,2,3,5,7
364,1,9,0,4,2,8,6,3,5,7
365,9,1,8,6,4,2,0,5,3,7
366,6,1,9,8,5,3,4,0,2,7
367,6,8,1,3,9,5,0,4,2,7
368,6,8,9,3,1,5,0,4,2,7
369,9,1,8,6,4,2,0,5,3,7
370,6,8,3,1,0,9,4,5,2,7
371,9,1,6,8,4,5,0,2,3,7
372,1,9,0,8,6,2,4,4,3,7
373,1,2,8,5,9,0,6,3,4,7
374,1,9,0,8,6,5,2,3,4,7
375,9,1,6,8,2,4,5,0,3,7
376,9,6,1,8,4,0,0,2,3,7
377,9,1,8,4,0,6,2,3,5,7
378,9,4,6,8,1,5,0,2,3,7
379,9,1,6,8,4,5,0,2,3,7
380,6,8,1,9,3,4,0,2,5,7
381,9,1,6,4,8,3,5,0,2,7
382,9,1,6,8,0,4,5,2,3,7
383,9,1,4,8,6,0,5,2,3,7
384,9,1,0,6,8,4,5,2,3,7
385,9,6,8,1,4,0,2,2,5,7
386,0,1,6,9,8,5,3,2,2,7
387,1,5,0,6,3,8,9,2,4,7
388,9,8,6,1,4,5,0,2,3,7
389,9,6,8,5,4,1,0,2,3,7
390,5,9,6,4,8,2,1,0,3,7
391,9,4,0,1,6,8,2,5,3,7
392,5,9,6,1,8,4,0,2,3,7
393,9,4,6,8,0,1,3,2,5,7
394,9,4,1,6,8,0,2,5,3,7
395,5,9,1,4,6,2,8,0,3,7
396,9,4,1,2,2,6,8,0,3,7
397,4,9,0,6,8,1,5,2,3,7
398,9,4,1,6,0,2,8,5,3,7
399,9,1,4,3,8,6,0,2,2,5
400,6,3,4,8,5,9,0,7,2,1
401,6,5,9,4,3,8,1,0,7,2
402,4,9,6,5,8,3,1,0,2,7
403,4,9,6,8,1,5,0,2,3,7
404,5,2,6,8,8,7,4,3,1,0
405,5,2,1,6,7,9,0,8,3,4
406,2,5,7,3,9,1,6,8,0,4
407,9,4,1,5,6,8,0,2,3,7
408,5,9,6,8,1,0,4,2,3,7
409,5,3,2,0,6,1,8,9,7,4
410,7,9,4,2,3,1,5,6,8,0
411,9,1,8,5,0,6,2,4,3,7
412,1,9,2,3,3,3,6,5,0,4
413,9,1,6,0,8,5,3,2,4,7
414,7,2,1,3,8,5,9,6,4,0
415,3,6,7,8,9,5,1,0,4,2
416,9,1,8,0,6,5,4,2,3,7
417,4,9,1,2,5,0,6,8,7,3
418,5,2,9,1,6,0,4,3,3,7
419,2,7,1,9,4,3,0,6,8,5
420,9,1,2,2,4,0,8,6,5,3
421,9,4,1,6,8,5,0,2,3,7
422,1,9,8,5,6,2,4,0,3,7
423,5,4,6,9,2,7,8,3,1,0
424,9,4,6,8,5,3,7,0,1,2
425,9,6,8,1,1,4,2,0,3,7
426,4,1,2,9,7,8,6,0,3,5
427,9,1,2,7,3,4,8,6,0,5
428,9,4,1,8,6,3,5,0,2,7
429,9,1,5,0,0,8,4,2,3,7
430,9,1,4,2,0,8,5,7,6,3
431,0,9,1,4,2,6,8,5,3,7
432,9,1,2,0,7,8,5,4,6,3
433,4,9,6,8,5,1,7,2,0,3
434,2,9,5,1,0,8,6,3,4,7
435,2,1,9,7,0,8,5,6,3,4
436,2,1,9,5,0,0,7,6,4,3
437,5,9,6,1,0,8,3,2,4,7
438,5,2,9,6,1,0,4,8,7,3
439,2,9,7,1,0,4,5,6,8,3
440,3,6,9,0,4,8,1,5,2,7
441,4,9,6,8,0,1,5,3,2,7
442,9,4,1,0,5,5,2,2,3,3
443,5,2,4,9,6,0,1,8,3,7
444,2,1,9,7,3,0,8,5,5,4
445,0,5,1,8,9,2,6,4,3,7
446,2,7,1,0,9,3,5,4,8,6
447,3,7,2,9,1,8,0,6,4,4
448,3,5,6,7,8,9,4,1,2,0
449,9,1,5,8,2,6,0,4,3,7
450,5,6,9,8,4,1,2,3,0,7
451,0,2,9,3,5,8,7,6,1,4
452,2,1,7,9,4,3,6,8,0,5
453,9,1,2,8,3,0,6,4,5,7
454,9,6,8,1,4,3,5,2,0,7
455,9,6,8,1,5,4,0,3,2,7
456,9,1,3,6,2,4,8,7,5,0
457,9,4,0,6,5,3,3,1,1,7
458,9,1,0,7,2,4,5,8,6,3
459,1,2,3,9,6,0,8,5,4,7
460,1,2,9,7,3,4,0,6,8,5
461,5,2,6,1,8,9,0,7,4,3
462,9,3,4,6,1,8,7,5,2,0
463,1,2,0,7,9,8,5,3,6,4
464,1,9,2,0,8,4,7,5,3,6
465,3,9,4,7,2,1,6,8,0,5
466,3,6,7,5,8,9,2,4,1,0
467,9,5,8,6,1,4,2,0,7,3
468,9,1,8,6,4,0,5,2,3,7
469,9,4,5,6,8,1,0,3,2,7
470,9,3,4,6,8,1,5,0,2,7
471,4,9,1,0,0,2,8,5,6,3
472,5,6,3,1,8,0,2,9,4,7
473,0,5,2,9,1,6,8,3,4,7
474,7,2,1,9,4,3,0,8,6,5
475,1,9,6,8,3,2,5,4,0,7
476,9,4,8,5,6,0,1,2,3,7
477,9,1,6,8,4,5,0,3,2,7
478,3,7,9,1,0,0,2,8,4,5
479,1,9,2,7,0,3,8,5,6,4
480,9,4,6,8,5,0,1,3,2,7
481,9,1,4,8,6,0,2,5,3,7
482,3,7,4,9,6,8,0,5,1,2
483,9,3,7,4,1,2,8,6,0,5
484,5,9,6,4,8,1,2,3,0,7
485,2,5,1,6,9,7,0,8,3,4
486,9,3,4,6,7,0,5,8,1,2
487,4,9,6,8,5,1,3,0,2,2
488,9,3,4,7,6,8,1,2,5,0
489,1,9,0,7,8,6,4,3,2,5
490,9,5,1,6,8,4,2,0,3,7
491,1,4,9,2,6,7,8,5,0,3
492,9,4,1,8,6,5,3,0,2,7
493,3,9,1,6,8,4,0,5,2,7
494,3,1,1,9,8,0,5,4,7,2
495,9,7,2,1,4,0,6,3,5,8
496,8,6,9,1,3,4,5,2,0,7
497,9,1,3,2,4,8,6,7,0,0
498,5,9,4,6,1,2,8,0,3,7
499,5,4,6,9,8,2,1,3,0,7
500,7,1,9,2,4,0,8,3,6,5
501,5,6,8,2,1,9,0,3,4,7
502,6,4,9,5,3,8,1,0,2,7
503,9,1,3,7,0,4,2,2,5,6
504,7,2,9,3,0,4,1,8,5,6
505,9,1,0,0,2,8,3,6,7,5
506,9,1,7,4,2,6,0,8,5,3
507,9,1,4,6,8,2,0,3,5,7
508,7,4,3,9,8,2,6,1,0,5
509,4,9,1,2,2,0,8,5,3,7
510,9,1,8,6,0,4,5,2,3,7
511,5,2,6,3,8,7,9,1,4,0
512,5,9,6,0,8,1,3,4,2,7
513,7,2,4,1,9,3,8,0,0,5
514,4,9,1,6,8,7,2,5,0,3
515,9,1,3,0,8,6,4,2,5,7
516,9,4,6,1,5,8,2,0,3,7
517,9,7,1,2,5,0,8,3,6,4
518,5,2,1,9,6,8,7,4,0,3
519,3,6,9,4,5,7,8,1,0,2
520,9,1,8,5,6,0,3,2,4,7
521,1,2,9,5,7,8,6,0,3,4
522,9,0,1,6,7,4,8,3,2,5
523,9,1,0,8,5,6,4,2,7,3
524,9,6,4,0,1,5,8,2,3,7
525,9,3,6,4,1,8,7,5,2,0
526,5,6,1,9,2,8,0,4,3,7
527,5,9,6,8,1,7,2,3,4,0
528,9,3,6,5,4,7,8,1,0,2
529,4,9,3,1,6,8,7,2,5,0
530,1,9,2,0,7,8,4,6,3,5
531,4,3,7,9,6,8,1,2,0,5
532,3,7,4,9,6,2,2,5,1,0
533,5,9,1,6,8,2,2,0,4,7
534,1,9,2,3,8,4,6,0,5,7
535,9,1,0,2,8,6,5,4,7,3
536,9,4,0,1,8,6,3,7,2,5
537,5,6,2,9,8,1,4,3,3,0
538,0,2,7,3,1,5,6,8,9,4
539,5,9,2,1,4,6,8,0,3,7
540,1,9,0,3,2,8,6,5,4,7
541,5,2,6,9,8,1,7,4,3,0
542,9,4,8,1,5,6,7,3,0,2
543,4,9,1,8,2,6,0,5,7,3
544,7,7,6,4,3,1,8,5,2,0
545,9,1,4,6,0,8,3,5,2,7
546,9,3,6,4,7,8,1,2,0,5
547,4,9,1,5,6,7,8,2,0,3
548,5,6,8,3,9,1,1,4,0,7
549,6,3,8,9,1,5,4,2,0,7
550,1,2,7,9,3,8,0,5,6,4
551,9,1,4,8,0,3,2,6,5,7
552,7,2,3,1,9,0,4,8,6,5
553,9,4,1,0,8,6,5,2,3,7
554,1,3,6,9,8,5,2,7,4,0
555,5,2,1,8,6,9,0,7,3,4
556,5,6,8,9,1,3,0,4,2,7
557,3,6,1,4,9,2,5,7,8,0
558,2,5,6,0,1,9,7,8,4,3
559,4,9,1,6,2,0,8,5,7,3
560,9,7,1,5,0,2,8,6,4,3
561,9,4,1,6,8,5,0,3,2,7
562,5,8,6,3,9,0,1,2,4,7
563,2,7,1,4,9,3,8,0,6,5
564,4,9,5,0,1,1,8,6,3,7
565,1,9,2,8,5,6,4,0,3,7
566,5,9,4,6,1,8,3,2,0,7
567,9,4,1,8,6,5,0,7,2,3
568,9,7,4,1,3,6,0,0,5,2
569,9,6,3,8,1,4,5,0,2,7
570,5,6,3,8,1,9,0,2,4,7
571,4,6,9,7,3,5,8,0,1,2
572,9,1,5,8,6,0,4,2,3,7
573,9,4,1,2,0,7,5,6,3,3
574,0,1,2,5,9,4,8,6,3,7
575,9,4,1,5,2,6,7,8,0,3
576,5,9,6,1,8,0,2,3,4,7
577,5,6,8,9,1,4,2,3,0,7
578,9,4,7,1,3,6,8,2,5,0
579,2,9,7,1,0,4,8,6,5,3
580,4,6,9,8,5,0,3,1,2,7
581,5,6,9,8,1,4,2,0,3,7
582,9,5,6,4,8,1,0,3,2,7
583,9,1,8,6,4,5,0,2,3,7
584,9,5,4,6,8,1,2,7,0,3
585,7,2,1,3,9,4,8,6,0,5
586,9,1,7,4,8,2,0,5,6,3
587,5,3,6,0,8,9,1,2,7,4
588,1,7,9,2,4,6,8,0,5,3
589,3,7,9,1,5,2,8,6,4,0
590,7,9,1,2,8,3,6,4,0,5
591,7,3,2,9,1,6,8,0,4,5
592,2,1,9,7,0,5,8,3,6,4
593,9,1,7,3,6,4,8,2,0,5
594,4,9,3,7,8,1,6,2,0,5
595,9,4,1,6,8,5,0,2,3,7
596,5,3,3,1,2,0,8,8,7,4
597,7,9,1,2,4,6,8,5,0,3
598,3,1,9,7,6,8,2,0,4,5
599,4,9,6,8,5,1,3,2,0,7
600,1,9,8,4,6,3,2,0,5,7
601,7,2,1,4,9,8,6,5,3,0
602,9,2,1,0,7,5,4,3,6,6
603,4,9,1,5,2,0,6,8,7,3
604,5,0,3,6,1,8,2,9,4,7
605,4,9,7,2,1,0,8,6,3,5
606,9,1,4,0,3,8,2,7,6,5
607,7,9,2,1,6,4,8,0,5,3
608,4,9,1,8,0,6,3,5,2,7
609,6,6,9,1,2,3,4,0,5,7
610,5,6,9,1,3,8,0,2,4,7
611,9,3,1,2,6,7,4,8,5,0
612,9,1,2,0,8,4,6,5,3,7
613,0,6,1,8,9,5,3,2,4,7
614,3,7,9,4,6,0,1,8,2,5
615,9,1,0,8,4,5,6,2,3,7
616,3,7,9,6,2,4,1,0,8,5
617,9,4,2,1,6,8,7,5,3,0
618,2,7,0,9,1,8,4,5,6,3
619,9,1,4,2,7,8,0,6,5,3
620,4,9,1,2,8,5,6,0,7,3
621,9,4,6,0,8,1,5,3,2,7
622,9,1,0,6,5,8,4,3,2,7
623,4,9,6,8,3,1,5,2,0,7
624,7,2,1,4,4,3,8,0,6,5
625,9,1,6,5,8,4,2,0,3,7
626,5,2,6,1,3,8,9,0,7,4
627,4,9,7,1,2,2,8,0,6,5
628,5,9,4,6,8,1,0,3,2,7
629,5,2,6,1,9,8,4,7,3,0
630,7,9,1,1,4,8,3,0,6,5
631,3,0,9,6,8,1,2,7,5,4
632,7,2,1,9,0,3,8,5,4,6
633,3,6,7,4,9,8,5,0,1,2
634,7,3,2,9,1,6,8,4,0,5
635,9,1,5,0,6,8,4,3,2,7
636,7,3,2,1,9,4,5,6,6,0
637,3,7,9,1,2,6,5,8,0,4
638,9,1,8,6,5,0,4,3,2,7
639,2,7,3,1,5,0,9,6,8,4
640,2,7,1,9,3,5,0,4,6,8
641,1,2,3,9,6,8,0,4,5,7
642,9,7,4,1,0,8,2,3,6,5
643,4,9,5,6,6,1,0,2,7,3
644,9,4,1,3,6,8,5,0,2,7
645,4,9,1,2,7,0,8,3,5,6
646,5,9,1,6,8,0,2,4,3,7
647,1,9,5,0,2,6,4,8,3,7
648,2,1,7,9,0,8,4,5,6,3
649,1,2,9,8,5,6,7,3,4,0
650,5,6,1,9,8,2,4,0,0,7
651,4,7,9,8,1,6,5,2,2,0
652,1,8,9,6,2,3,4,5,7,0
653,5,9,6,1,8,0,4,3,2,7
654,9,1,6,8,3,0,2,5,4,7
655,5,6,9,8,1,3,0,2,4,7
656,9,1,2,8,3,6,4,7,5,0
657,5,9,6,8,0,1,3,2,4,7
658,5,2,9,0,1,6,8,4,7,3
659,3,1,9,6,2,2,4,5,0,7
660,9,1,2,0,5,3,4,8,7,6
661,5,2,6,9,8,1,0,3,4,7
662,6,3,5,0,8,9,4,1,2,7
663,7,3,9,2,0,1,8,6,4,5
664,5,9,1,2,6,8,0,4,3,7
665,9,4,6,3,8,5,1,0,7,2
666,0,1,9,6,5,8,4,2,3,7
667,1,9,3,2,4,7,0,6,5,8
668,5,6,9,4,8,3,2,7,1,0
669,5,2,1,6,6,4,0,8,3,7
670,1,2,9,8,0,0,7,6,4,3
671,6,9,5,1,8,0,3,4,2,7
672,5,1,0,9,6,8,4,2,3,7
673,5,9,6,1,1,8,0,7,2,3
674,9,7,4,1,1,8,2,6,0,5
675,7,1,9,2,4,0,3,8,6,5
676,5,6,8,9,2,1,1,0,7,4
677,3,7,1,8,9,2,6,0,5,4
678,1,2,9,7,4,6,6,0,5,3
679,9,4,0,1,3,7,8,2,6,5
680,2,7,1,9,4,8,0,3,6,5
681,7,2,1,0,9,4,8,3,5,5
682,9,0,4,7,6,3,8,1,5,2
683,5,2,9,6,1,4,8,0,7,3
684,4,9,6,1,2,8,5,7,0,3
685,3,9,7,1,2,4,8,0,6,5
686,9,4,0,6,1,8,5,2,3,7
687,3,7,2,9,1,0,6,8,4,5
688,9,4,6,1,8,5,0,3,2,7
689,9,4,1,8,2,3,6,0,5,7
690,9,1,2,6,3,0,5,4,7,8
691,5,0,1,9,6,8,3,2,4,7
692,7,2,9,0,6,8,1,5,3,4
693,1,9,2,3,7,4,8,0,6,5
694,2,0,5,9,1,6,8,4,7,3
695,5,6,8,1,9,2,3,4,0,7
696,9,1,6,4,4,2,3,5,7,0
697,9,1,2,4,7,8,6,0,5,3
698,9,1,2,7,0,4,8,5,5,3
699,5,9,1,2,4,6,8,3,0,7
700,9,7,1,4,2,8,5,0,3,6
701,9,2,1,7,0,4,8,5,6,3
702,2,7,5,1,6,0,9,8,3,4
703,4,9,1,2,0,5,6,8,7,3
704,9,0,1,4,5,6,8,2,3,7
705,9,6,1,8,5,0,2,4,3,7
706,5,8,6,9,1,2,3,4,0,7
707,5,1,6,0,8,9,2,3,4,7
708,6,6,8,4,1,5,3,0,2,7
709,2,5,9,1,7,0,3,6,4,8
710,7,2,3,1,9,8,0,5,6,4
711,7,3,1,2,9,8,4,6,0,5
712,7,9,4,1,2,0,3,5,5,5
713,2,9,1,4,0,7,3,6,8,5
714,1,9,7,5,2,8,6,3,0,4
715,4,9,1,3,7,2,8,6,0,5
716,5,3,9,6,2,1,7,4,8,0
717,0,9,1,5,6,2,8,4,3,7
718,5,6,9,8,3,1,0,4,2,7
719,5,2,4,6,9,8,1,0,3,3
720,9,1,7,2,4,8,0,6,3,5
721,9,7,1,4,2,0,8,6,5,3
722,2,1,9,3,8,5,7,6,0,4
723,9,4,1,6,8,0,2,5,7,3
724,1,9,2,6,7,4,5,0,3,8
725,5,2,6,7,8,9,1,3,4,0
726,9,0,1,2,4,3,7,5,6,8
727,1,3,7,0,9,2,8,6,4,5
728,5,2,6,9,4,8,1,0,3,7
729,9,1,2,0,4,4,7,5,6,3
730,1,9,0,2,3,7,8,4,6,5
731,5,1,6,0,8,8,2,3,4,7
732,9,1,2,4,8,7,0,6,5,3
733,3,6,9,4,8,7,0,5,1,2
734,2,5,9,4,1,6,8,0,7,3
735,9,5,6,8,1,0,4,3,2,7
736,9,1,3,8,6,2,0,0,4,7
737,4,9,6,0,8,1,5,3,2,7
738,9,1,6,4,8,5,0,2,3,7
739,1,9,8,5,6,0,3,2,4,7
740,1,9,0,8,2,6,4,3,3,5
741,7,9,1,3,2,8,4,6,0,5
742,1,9,3,6,8,4,0,2,5,7
743,7,9,3,5,1,1,2,6,0,4
744,9,4,6,5,1,8,2,3,0,7
745,5,2,9,6,1,0,8,4,7,3
746,4,9,3,6,7,8,5,1,2,0
747,7,0,2,3,9,1,4,6,8,5
748,4,9,6,8,1,7,5,3,2,0
749,3,1,2,7,9,5,6,8,0,4
750,4,9,7,2,1,0,6,3,8,5
751,1,2,9,0,5,8,6,4,7,3
752,9,1,5,4,6,0,8,2,3,7
753,0,9,1,4,2,8,6,5,7,3
754,9,5,6,1,4,4,2,3,0,7
755,5,2,9,1,6,0,8,4,3,7
756,7,3,9,6,4,8,5,0,1,2
757,8,5,9,6,1,0,2,3,4,7
758,5,6,9,1,8,2,0,3,7,4
759,7,9,5,2,6,1,3,8,4,0
760,3,4,6,8,9,7,0,5,1,2
761,1,2,9,8,5,6,7,4,3,0
762,9,7,4,1,2,2,8,6,0,5
763,9,4,8,1,6,5,0,2,3,7
764,1,9,7,4,2,6,3,8,0,5
765,1,9,8,2,2,5,0,6,3,4
766,9,7,1,5,8,2,0,6,4,3
767,9,3,4,6,8,1,7,0,5,2
768,9,2,1,7,4,8,0,3,6,5
769,9,0,1,8,4,6,5,2,7,3
770,7,2,1,9,0,4,8,3,6,5
771,9,1,2,7,0,4,3,6,8,5
772,3,7,9,1,2,6,8,4,0,5
773,7,2,1,4,9,8,5,6,0,3
774,9,1,4,2,0,8,7,3,6,5
775,1,7,3,2,9,0,0,4,6,5
776,2,1,9,3,8,7,5,0,6,4
777,4,9,6,8,1,5,0,7,2,3
778,1,2,7,9,4,3,6,8,0,5
779,7,9,1,2,0,6,6,4,5,3
780,5,6,9,8,1,3,4,0,2,7
781,5,2,7,1,9,6,8,0,3,4
782,5,4,9,6,3,1,8,0,2,7
783,9,3,6,4,7,5,8,1,2,0
784,7,2,1,9,4,6,8,3,5,0
785,7,1,9,2,4,3,8,0,6,5
786,9,8,6,4,0,1,5,2,3,7
787,9,6,1,5,4,8,2,7,0,3
788,9,1,3,4,6,8,0,2,5,7
789,9,1,6,8,0,4,5,2,3,7
790,9,1,2,4,8,5,6,0,7,3
791,3,1,9,7,5,2,0,6,8,4
792,9,1,5,0,8,6,2,4,3,7
793,2,9,0,1,7,8,5,6,4,3
794,9,1,2,8,4,0,7,6,5,3
795,2,1,9,8,7,5,6,3,0,4
796,4,6,9,8,3,5,1,0,2,7
797,2,0,7,3,1,5,5,5,9,4
798,9,1,0,6,3,4,7,8,2,5
799,2,7,1,9,0,4,5,8,3,6
800,9,1,8,6,2,4,5,0,3,7
801,9,4,1,6,8,3,5,0,2,7
802,5,2,6,9,8,1,0,7,4,3
803,0,2,3,7,5,6,8,1,9,4
804,0,2,3,5,7,6,1,8,9,4
805,7,2,1,9,0,8,5,4,3,6
806,9,1,4,5,0,2,8,6,7,3
807,1,9,3,2,8,0,6,5,4,7
808,5,2,9,1,6,0,8,7,3,4
809,9,4,1,6,8,0,5,3,2,7
810,9,1,2,3,8,4,0,6,5,7
811,3,9,1,0,6,7,4,8,2,5
812,7,3,3,1,4,8,6,0,2,5
813,5,2,9,4,1,0,6,8,7,3
814,9,1,7,4,8,2,0,6,5,3
815,2,5,0,1,6,9,8,4,4,3
816,4,9,6,1,1,5,0,2,3,7
817,9,1,2,3,8,0,6,5,7,4
818,9,5,6,4,1,0,8,3,2,7
819,4,7,9,2,3,1,0,8,6,5
820,4,9,6,0,5,8,1,2,3,7
821,5,6,3,8,2,9,1,0,4,7
822,5,6,2,9,4,8,1,0,3,7
823,4,4,6,5,8,1,0,3,2,7
824,7,2,1,9,0,8,4,3,6,5
825,3,1,9,6,2,8,5,7,4,0
826,5,1,9,6,8,0,2,4,3,7
827,7,3,9,4,2,1,6,8,0,5
828,9,3,6,4,8,1,5,2,0,7
829,9,1,4,7,2,8,0,6,3,5
830,5,6,8,9,1,3,0,2,4,7
831,9,7,1,5,8,6,2,4,0,3
832,2,5,7,1,3,8,8,6,0,4
833,5,2,0,9,1,6,8,4,3,7
834,5,2,6,7,3,8,1,9,4,0
835,6,4,5,3,8,9,1,2,0,7
836,1,9,0,2,5,8,3,4,6,7
837,7,6,9,2,3,1,8,0,4,5
838,9,4,6,0,8,1,2,3,7,5
839,7,2,1,9,0,5,3,6,6,4
840,5,4,9,6,8,2,0,1,3,7
841,1,2,9,7,0,8,5,6,4,3
842,9,3,1,2,7,6,5,4,8,0
843,2,1,1,0,7,5,5,6,8,4
844,9,0,1,5,6,4,8,2,7,3
845,7,2,1,9,3,8,6,4,0,5
846,4,1,9,2,7,0,8,6,5,3
847,9,4,2,1,7,5,6,6,0,3
848,5,3,6,9,1,2,8,0,7,4
849,9,3,6,4,8,1,7,0,5,2
850,9,1,0,4,3,2,6,5,8,7
851,9,1,8,2,3,4,6,0,5,7
852,9,4,3,3,8,5,1,2,0,7
853,9,1,4,0,6,2,8,3,7,5
854,5,6,1,8,9,0,2,3,4,7
855,4,9,0,6,1,8,5,3,2,7
856,9,1,2,3,7,4,8,0,6,5
857,5,3,6,8,1,9,2,7,0,4
858,9,4,1,6,8,3,0,5,2,7
859,5,1,9,6,8,2,0,4,3,7
860,9,7,1,0,3,8,4,2,6,5
861,9,1,8,6,4,5,0,3,2,7
862,9,1,2,7,5,4,8,6,0,3
863,4,9,0,1,2,5,8,6,7,3
864,5,6,9,4,4,1,2,0,3,7
865,5,6,3,8,0,9,1,2,2,7
866,9,1,8,6,5,0,4,2,3,7
867,5,3,6,9,8,0,1,2,4,7
868,5,6,2,9,3,8,1,0,4,7
869,9,1,2,3,0,8,4,4,6,5
870,3,6,2,7,9,1,4,5,8,0
871,1,0,9,2,8,5,6,4,7,3
872,5,2,9,6,1,7,8,0,4,3
873,7,9,2,6,1,5,4,0,8,3
874,5,6,2,1,9,3,8,4,0,7
875,5,6,8,1,3,2,0,9,4,7
876,4,9,6,1,8,5,0,2,7,3
877,1,2,9,0,5,8,4,7,6,3
878,9,6,4,1,8,5,0,2,7,3
879,4,3,9,6,0,8,7,1,5,2
880,9,1,5,4,8,2,0,6,7,3
881,0,5,1,9,6,2,8,4,3,7
882,4,6,9,8,3,5,0,1,2,7
883,9,1,6,8,5,7,0,4,3,2
884,3,9,1,2,0,7,4,8,5,6
885,9,1,1,6,8,5,0,2,3,7
886,3,9,1,4,6,2,8,7,5,0
887,9,6,1,8,4,5,3,0,2,7
888,9,1,4,8,2,6,0,5,3,7
889,5,6,8,9,1,4,2,3,0,7
890,4,9,6,8,1,5,0,0,2,7
891,1,0,9,2,4,5,8,6,3,7
892,7,3,9,0,6,8,4,1,2,5
893,1,9,2,7,3,4,8,6,0,5
894,3,7,1,9,2,6,8,0,4,5
895,1,9,8,6,3,2,4,7,5,0
896,2,5,7,1,3,3,9,0,8,4
897,9,1,2,5,8,7,0,6,4,3
898,2,1,5,9,7,7,6,3,0,4
899,9,1,4,2,0,6,7,8,5,3
900,9,1,7,2,0,8,4,6,3,5
901,5,2,6,1,9,8,3,7,0,4
902,3,9,2,0,1,7,4,5,6,6
903,7,2,3,9,1,4,8,0,5,6
904,9,4,3,6,1,0,8,5,7,2
905,9,1,5,6,8,2,4,0,3,7
906,9,2,1,4,8,5,6,0,7,3
907,7,2,9,3,1,8,4,6,5,0
908,4,9,6,1,1,0,5,3,2,7
909,2,5,0,1,9,6,4,8,7,3
910,9,4,6,8,1,0,5,3,7,2
911,9,1,4,2,8,0,7,6,3,5
912,3,1,9,8,2,6,5,7,0,4
913,5,1,9,6,8,0,2,4,3,7
914,5,2,6,3,8,9,1,0,7,4
915,2,5,7,0,1,9,8,6,3,4
916,5,9,6,1,8,0,4,2,3,7
917,7,2,4,0,3,1,9,6,5,8
918,1,9,2,8,6,4,3,0,5,7
919,2,1,9,0,7,8,6,4,5,3
920,2,5,6,8,9,1,4,3,0,7
921,5,4,2,6,8,9,3,1,0,7
922,9,1,2,4,3,8,6,7,0,5
923,1,9,2,7,0,8,6,4,5,3
924,7,2,1,9,3,8,0,6,5,4
925,1,9,8,3,6,0,2,4,5,7
926,1,3,2,9,7,0,8,6,5,4
927,9,1,4,8,6,0,3,5,2,7
928,9,1,0,2,5,8,4,3,6,7
929,9,1,0,2,8,3,4,5,6,7
930,9,1,0,2,2,6,4,5,7,3
931,1,9,2,0,8,7,3,5,4,6
932,1,9,8,3,2,0,6,4,7,5
933,1,9,3,0,8,4,4,2,5,7
934,1,9,0,3,8,2,6,4,5,7
935,1,9,8,3,2,0,5,6,4,7
936,1,9,2,0,8,3,6,4,5,7
937,9,1,3,3,7,2,2,8,0,5
938,9,1,8,3,3,4,0,5,2,7
939,9,1,2,8,4,5,0,6,7,3
940,9,1,6,8,0,3,4,2,2,7
941,9,1,2,4,8,7,3,0,5,6
942,9,1,4,6,8,3,2,5,0,7
943,9,1,4,2,8,0,6,3,7,5
944,9,1,8,6,3,4,0,2,5,7
945,9,1,8,6,4,3,5,0,2,7
946,9,1,8,3,4,6,0,7,5,2
947,9,1,5,8,6,4,2,3,0,7
948,9,4,1,6,5,8,3,2,0,7
949,9,1,4,8,7,6,3,2,0,5
950,9,1,3,8,4,7,6,2,0,5
951,1,9,4,8,3,0,2,5,6,6
952,9,1,4,8,2,6,7,3,0,5
953,9,1,3,8,4,6,2,5,0,0
954,9,1,8,4,6,5,0,2,3,7
955,9,1,4,8,6,7,2,0,5,3
956,9,1,8,6,0,4,2,3,5,7
957,9,1,8,3,2,4,0,6,7,5
958,9,1,8,4,6,3,0,5,7,2
959,5,1,9,2,6,8,0,4,3,7
960,1,9,2,3,0,8,5,5,6,4
961,3,9,0,1,6,8,4,2,7,5
962,9,1,2,0,8,4,5,5,7,3
963,1,9,3,8,0,6,4,2,5,7
964,9,1,0,8,4,2,3,6,5,7
965,1,9,2,0,0,3,5,4,7,6
966,1,9,2,0,8,3,6,4,5,7
967,4,9,7,0,8,1,3,2,6,5
968,7,3,9,8,4,6,1,2,0,5
969,9,7,2,1,4,0,8,3,5,6
970,9,1,2,7,0,4,8,5,6,3
971,5,2,0,6,1,8,9,3,7,4
972,9,4,6,0,1,8,5,2,7,3
973,1,0,9,8,5,6,2,4,3,7
974,6,9,5,8,1,4,0,2,3,7
975,2,5,1,0,9,8,6,7,4,3
976,5,2,6,8,9,1,0,4,3,7
977,5,6,2,8,1,9,3,0,7,4
978,2,5,0,1,6,7,8,3,3,4
979,5,2,1,6,8,9,0,7,4,3
980,5,9,6,8,1,0,2,4,3,7
981,5,4,9,6,2,8,1,0,3,7
982,9,0,1,4,6,2,5,8,3,7
983,9,0,1,4,8,6,5,2,3,7
984,6,5,4,8,2,9,0,3,1,7
985,5,1,9,2,6,8,0,4,3,7
986,9,4,1,2,8,5,5,0,7,3
987,9,4,1,6,8,0,5,3,3,2
988,1,9,2,8,4,5,0,6,3,3
989,9,1,8,3,6,0,4,5,2,7
990,9,1,4,8,2,6,5,3,0,7
991,9,1,4,3,6,8,5,7,0,2
992,9,4,1,8,5,6,2,0,3,7
993,9,4,1,8,5,5,0,3,2,7
994,9,1,6,8,3,4,5,2,0,7
995,9,4,1,8,6,0,5,2,3,3
996,9,4,1,8,6,0,0,2,3,7
997,9,1,8,0,6,4,5,3,2,7
998,9,1,4,6,8,5,0,2,3,7
999,9,1,8,2,2,6,5,0,7,3
1000,9,1,2,4,8,6,0,5,7,3
